KA19P84887,Divya,Mysore,2026-04-17 11:55:17
KA19P8488,Divya,Mysore,2026-04-17 11:55:19
KA19P84882,Divya,Mysore,2026-04-17 11:55:20
HR98AA7777,Manoj,Gurgaon,2026-04-17 11:55:23
SHR98AA7777,Manoj,Gurgaon,2026-04-17 11:55:25
2HR98AA7777,Manoj,Gurgaon,2026-04-17 11:55:29
ZHR98AA7777,Manoj,Gurgaon,2026-04-17 11:55:38
LIN10BS6000,Sneha,Coimbatore,2026-04-17 11:55:40
HR98AAT777,Manoj,Gurgaon,2026-04-17 12:32:25
HR98AA7777,Manoj,Gurgaon,2026-04-17 12:32:27
KA19P84883,Divya,Mysore,2026-04-17 12:32:51
KA19P8488,Divya,Mysore,2026-04-17 12:32:53
KA19P84884,Divya,Mysore,2026-04-17 12:32:53
XA19P8488,Divya,Mysore,2026-04-17 12:32:53
KAISP8488,Divya,Mysore,2026-04-17 12:33:02
MLA19P84885,Divya,Mysore,2026-04-17 12:33:02
TIN10BS6000,Sneha,Coimbatore,2026-04-17 12:33:02
TN10BS6000,Sneha,Coimbatore,2026-04-17 12:33:02
TIN108S6000,Sneha,Coimbatore,2026-04-17 12:33:04
1KLG1CA2555,Anita,Thiruvananthapuram,2026-04-17 13:30:05
KLO1CA2555,Anita,Thiruvananthapuram,2026-04-17 13:30:07
KLG1CA2555,Anita,Thiruvananthapuram,2026-04-17 13:30:07
AKLG10A2555,Anita,Thiruvananthapuram,2026-04-17 13:30:07
AKLG1CA2555,Anita,Thiruvananthapuram,2026-04-17 13:30:09
KEG41CA2555,Anita,Thiruvananthapuram,2026-04-17 13:30:11
KEG1CA2555,Anita,Thiruvananthapuram,2026-04-17 13:30:11
AKED1CA2555,Anita,Thiruvananthapuram,2026-04-17 13:30:14
LKE010A2555,Anita,Thiruvananthapuram,2026-04-17 13:30:16
KIE010A2555,Anita,Thiruvananthapuram,2026-04-17 13:30:19
LK010A2555,Anita,Thiruvananthapuram,2026-04-17 13:30:19
IKEG1CA2555,Anita,Thiruvananthapuram,2026-04-17 13:30:20
QKE010A2555,Anita,Thiruvananthapuram,2026-04-17 13:30:21
KEO1CA2555,Anita,Thiruvananthapuram,2026-04-17 13:30:22
KLEGACA2555,Anita,Thiruvananthapuram,2026-04-17 13:30:28
OK04CA2555,Anita,Thiruvananthapuram,2026-04-17 13:30:41
AKEGLCA2555,Anita,Thiruvananthapuram,2026-04-17 13:30:49
KR19P8488,Divya,Mysore,2026-04-17 13:48:35
CA19P84885,Divya,Mysore,2026-04-17 13:48:39
WOKA19P84884,Divya,Mysore,2026-04-17 13:48:39
KA19P8488,Divya,Mysore,2026-04-17 13:48:40
HR98AA7777,Manoj,Gurgaon,2026-04-17 13:48:45
SHR98AA7777,Manoj,Gurgaon,2026-04-17 13:48:48
ITN1086000,Sneha,Coimbatore,2026-04-17 13:48:53
FTN108S6000,Sneha,Coimbatore,2026-04-17 13:48:53
ITN10BS6000,Sneha,Coimbatore,2026-04-17 13:48:54
TY108S6000,Sneha,Coimbatore,2026-04-17 13:48:54
FIN108S6000,Sneha,Coimbatore,2026-04-17 13:48:55
LIN10BSS000,Sneha,Coimbatore,2026-04-17 13:48:55
LIN10BS6000,Sneha,Coimbatore,2026-04-17 13:48:56
TKLGI0A2555,Anita,Thiruvananthapuram,2026-04-17 13:49:05
KLOICA2555,Anita,Thiruvananthapuram,2026-04-17 13:49:09
KEG1CA2555,Anita,Thiruvananthapuram,2026-04-17 13:49:37
KE010A2555,Anita,Thiruvananthapuram,2026-04-17 13:49:43
AKE010A2555,Anita,Thiruvananthapuram,2026-04-17 13:49:47
JKE01CA2555,Anita,Thiruvananthapuram,2026-04-17 13:49:49
HHO1AV8866,Ravi,Mumbai,2026-04-17 13:57:30
MHO1AVE866,Ravi,Mumbai,2026-04-17 13:57:34
HHO1AV8866,Ravi,Mumbai,NA,2026-04-17 14:02:39
KLG1CA2555,Anita,Thiruvananthapuram,NA,2026-04-17 14:02:53
MHO1AY8866,Ravi,Mumbai,NA,2026-04-17 14:04:25
MHO1AV8866,Ravi,Mumbai,NA,2026-04-17 14:04:27
HHO1AV8866,Ravi,Mumbai,NA,2026-04-17 14:04:30
KA19P8488,Divya,Mysore,NA,2026-04-17 14:04:37
MHO1AY8866,Ravi,Mumbai,2026-04-17 14:05:10
HHO1AV8866,Ravi,Mumbai,2026-04-17 14:05:11
MHOTAV8866,Ravi,Mumbai,2026-04-17 14:05:11
MHO1AV8866,Ravi,Mumbai,2026-04-17 14:05:13
KIS010A2555,Anita,Thiruvananthapuram,2026-04-17 14:05:22
AKEG1CA2555,Anita,Thiruvananthapuram,2026-04-17 14:05:25
KA19P84885,Divya,Mysore,2026-04-17 14:05:32
KA19P8488,Divya,Mysore,2026-04-17 14:05:34
MHO1AY8866,Ravi,Mumbai,2026-04-17 14:16:52
HHO1AV8866,Ravi,Mumbai,2026-04-17 14:16:53
CHHO1AV8866,Ravi,Mumbai,2026-04-17 14:17:00
SKLG10A2555,Anita,Thiruvananthapuram,2026-04-17 14:17:01
EKLGICA2555,Anita,Thiruvananthapuram,2026-04-17 14:17:01
OA19P8488,Divya,Mysore,2026-05-06 11:13:04
KA19P8488,Divya,Mysore,2026-05-06 11:13:07
SHR98AA7777,Manoj,Gurgaon,2026-05-06 11:13:11
ENE98AA7777,Manoj,Gurgaon,2026-05-06 11:13:19
LIN10BS6000,Sneha,Coimbatore,2026-05-06 11:13:19
LIN10BSS000,Sneha,Coimbatore,2026-05-06 11:13:23
SKA19P8488,Divya,Mysore,2026-05-06 11:16:39
KA19P8488,Divya,Mysore,2026-05-06 11:16:41
KA19P8498,Divya,Mysore,2026-05-06 11:16:47
SHR98AA7777,Manoj,Gurgaon,2026-05-06 11:16:47
TN106SE000,Sneha,Coimbatore,2026-05-06 11:16:56
ZTN108S000,Sneha,Coimbatore,2026-05-06 11:16:57
LIN10BS6000,Sneha,Coimbatore,2026-05-06 11:16:58
LIN10BSS000,Sneha,Coimbatore,2026-05-06 11:17:06
LIN108S6000,Sneha,Coimbatore,2026-05-06 11:17:06
KAO5NH2667,Deepak,Bangalore,2026-05-06 11:17:14
PKAO5NH2667,Deepak,Bangalore,2026-05-06 11:17:14
KAO5NH26671,Deepak,Bangalore,2026-05-06 11:17:14
KA05NH2667,Deepak,Bangalore,2026-05-06 11:17:16
PICA19P8488,Divya,Mysore,2026-05-06 11:19:44
A19P8Z88Q,Divya,Mysore,2026-05-06 11:20:01
KA19P82880,Divya,Mysore,2026-05-06 11:20:02
KAI9P8488,Divya,Mysore,2026-05-06 11:20:02
KA19P84887,Divya,Mysore,2026-05-06 11:20:03
KA19P8488,Divya,Mysore,2026-05-06 11:20:03
KI19P8488,Divya,Mysore,2026-05-06 11:20:09
IHR98AA777,Manoj,Gurgaon,2026-05-06 11:20:09
SHR98AA7777,Manoj,Gurgaon,2026-05-06 11:20:09
SHR98AA77,Manoj,Gurgaon,2026-05-06 11:20:10
SHR98AA777,Manoj,Gurgaon,2026-05-06 11:20:21
LIN108S6000,Sneha,Coimbatore,2026-05-06 11:20:21
LIN10BS6000,Sneha,Coimbatore,2026-05-06 11:20:24
TIN10BS6000,Sneha,Coimbatore,2026-05-06 11:20:31
KAO5NH2667,Deepak,Bangalore,2026-05-06 11:20:32
KA05NH2E67,Deepak,Bangalore,2026-05-06 11:20:32
EKAO5NN2667,Deepak,Bangalore,2026-05-06 11:20:49
